name	x	y	z	material
F3	-0.05180903841183724	0.08668789888287941	0.07871409302883386	Ag/AgCl wet
Fz	-0.001229271161566281	0.09327445200029715	0.1026392934768164	Ag/AgCl wet
FC1	-0.03571586037883836	0.06171405984105545	0.11798301537735345	Ag/AgCl wet
FCz	-0.0012714263028658717	0.0634597921290682	0.12657198384237103	Ag/AgCl wet
C1	-0.03793782383476591	0.0263374518138683	0.1297706088883019	Ag/AgCl wet
Cz	-0.0013741334028190722	0.027617093595102737	0.14019949417439556	Ag/AgCl wet
CP1	-0.03742512541749303	-0.0108242377168398	0.13344371157184132	Ag/AgCl wet
CPz	-0.0015249049095034388	-0.010518376385192287	0.1415491439762969	Ag/AgCl wet
FC5	-0.07890597635539306	0.05136738419239063	0.062962347939219	Ag/AgCl wet
FC3	-0.06185233708120759	0.057133285360774055	0.09376582882952159	Ag/AgCl wet
C5	-0.08208529873125733	0.01929362757100219	0.06948966772818678	Ag/AgCl wet
C3	-0.0671487229331174	0.023358230537446293	0.1045106810602483	Ag/AgCl wet
CP5	-0.08151351110863697	-0.01334569381422213	0.07313262712367305	Ag/AgCl wet
CP3	-0.06547223352095873	-0.011896603418787375	0.10777792004226631	Ag/AgCl wet
P3	-0.0550382318026169	-0.044210304662340896	0.09990897692200876	Ag/AgCl wet
Pz	-0.001709445046746896	-0.045212993324122014	0.12667292418209622	Ag/AgCl wet
F4	0.050274277731628736	0.08743838910239796	0.07727065434234194	Ag/AgCl wet
FC2	0.033130982370817734	0.06182848606183057	0.11678169813445419	Ag/AgCl wet
FC4	0.06062548180278077	0.05770742045738668	0.09379461804488001	Ag/AgCl wet
FC6	0.0778466192866476	0.05209881120036266	0.06286710628925257	Ag/AgCl wet
C2	0.03589271692022557	0.026358138278001507	0.12841234097161083	Ag/AgCl wet
C4	0.06532888071838541	0.023573104961569495	0.10369243420047652	Ag/AgCl wet
CP2	0.036471959575241124	-0.010903791502932452	0.1328122726312171	Ag/AgCl wet
CP4	0.06469625505180063	-0.011991175153616248	0.1077128709239866	Ag/AgCl wet
C6	0.08165316938062157	0.01969565941729637	0.06948180710556634	Ag/AgCl wet
CP6	0.08140110772413488	-0.013462042634867968	0.07336367003861291	Ag/AgCl wet
P4	0.05363601546337514	-0.04433452185507687	0.10051602773215099	Ag/AgCl wet
