filename	acq_time
eeg/sub-9_ses-0_task-imagery_run-0_eeg.edf	2023-01-01T00:00:00.000000Z
eeg/sub-9_ses-0_task-imagery_run-10_eeg.edf	2023-01-01T00:00:00.000000Z
eeg/sub-9_ses-0_task-imagery_run-11_eeg.edf	2023-01-01T00:00:00.000000Z
eeg/sub-9_ses-0_task-imagery_run-12_eeg.edf	2023-01-01T00:00:00.000000Z
eeg/sub-9_ses-0_task-imagery_run-13_eeg.edf	2023-01-01T00:00:00.000000Z
eeg/sub-9_ses-0_task-imagery_run-14_eeg.edf	2023-01-01T00:00:00.000000Z
eeg/sub-9_ses-0_task-imagery_run-15_eeg.edf	2023-01-01T00:00:00.000000Z
eeg/sub-9_ses-0_task-imagery_run-1_eeg.edf	2023-01-01T00:00:00.000000Z
eeg/sub-9_ses-0_task-imagery_run-2_eeg.edf	2023-01-01T00:00:00.000000Z
eeg/sub-9_ses-0_task-imagery_run-3_eeg.edf	2023-01-01T00:00:00.000000Z
eeg/sub-9_ses-0_task-imagery_run-4_eeg.edf	2023-01-01T00:00:00.000000Z
eeg/sub-9_ses-0_task-imagery_run-5_eeg.edf	2023-01-01T00:00:00.000000Z
eeg/sub-9_ses-0_task-imagery_run-6_eeg.edf	2023-01-01T00:00:00.000000Z
eeg/sub-9_ses-0_task-imagery_run-7_eeg.edf	2023-01-01T00:00:00.000000Z
eeg/sub-9_ses-0_task-imagery_run-8_eeg.edf	2023-01-01T00:00:00.000000Z
eeg/sub-9_ses-0_task-imagery_run-9_eeg.edf	2023-01-01T00:00:00.000000Z
